YEAR,TAVG,TMAX,TMIN,frequency_hot,frequency_cold
2013,22.7,39.4,-1.0999999999999996,8,36
2014,22.8,41.1,-2.299999999999997,6,46
2015,23.5,40.0,1.7000000000000028,17,3
2016,23.7,38.9,-1.1000000000000003,6,18
2017,23.3,41.6,2.8,12,4
2018,23.4,40.0,1.1,14,4
2019,24.2,41.1,0.0,25,13
2020,23.6,41.1,5.0,8,0
2021,23.6,40.0,1.1999999999999993,23,15
2022,23.2,39.4,3.3,11,6
2023,23.9,41.1,2.3000000000000007,17,11
2024,24.7,40.6,3.4000000000000004,16,2
